source,target
Global Markets Rise Amid Economic Recovery,Business News: Trade Profit Update
Global Markets Rise Amid Economic Recovery,Business News: Economy Profit Update
Global Markets Rise Amid Economic Recovery,Business News: Investment Trade Update
Tech Giants Report Record Profits,Retail Sales Show Unexpected Growth
Tech Giants Report Record Profits,Business News: Market Profit Update
Tech Giants Report Record Profits,Business News: Banking Profit Update
Oil Prices Fluctuate on Supply Concerns,Business News: Company Retail Update
Oil Prices Fluctuate on Supply Concerns,Business News: Company Trade Update
Oil Prices Fluctuate on Supply Concerns,Business News: Market Profit Update
Retail Sales Show Unexpected Growth,Business News: Company Trade Update
Retail Sales Show Unexpected Growth,Business News: Trade Stock Update
Retail Sales Show Unexpected Growth,Oil Prices Fluctuate on Supply Concerns
Banking Sector Faces New Regulations,Business News: Company Stock Update
Banking Sector Faces New Regulations,Business News: Economy Profit Update
Banking Sector Faces New Regulations,Business News: Investment Trade Update
Business News: Market Profit Update,Business News: Trade Economy Update
Business News: Market Profit Update,Business News: Company Stock Update
Business News: Market Profit Update,Tech Giants Report Record Profits
Business News: Company Retail Update,Business News: Trade Stock Update
Business News: Company Retail Update,Business News: Trade Economy Update
Business News: Company Retail Update,Business News: Company Stock Update
Business News: Trade Stock Update,Business News: Trade Market Update
Business News: Trade Stock Update,Business News: Market Finance Update
Business News: Trade Stock Update,Business News: Company Trade Update
Business News: Banking Profit Update,Global Markets Rise Amid Economic Recovery
Business News: Banking Profit Update,Business News: Trade Market Update
Business News: Banking Profit Update,Business News: Market Finance Update
Business News: Trade Profit Update,Business News: Company Retail Update
Business News: Trade Profit Update,Business News: Trade Economy Update
Business News: Trade Profit Update,Global Markets Rise Amid Economic Recovery
Business News: Market Stock Update,Business News: Company Stock Update
Business News: Market Stock Update,Business News: Trade Profit Update
Business News: Market Stock Update,Business News: Trade Market Update
Business News: Economy Profit Update,Business News: Company Retail Update
Business News: Economy Profit Update,Business News: Stock Trade Update
Business News: Economy Profit Update,Business News: Company Stock Update
Business News: Company Stock Update,Business News: Market Finance Update
Business News: Company Stock Update,Business News: Trade Market Update
Business News: Company Stock Update,Business News: Stock Trade Update
Business News: Company Retail Update,Business News: Retail Stock Update
Business News: Company Retail Update,Business News: Banking Profit Update
Business News: Company Retail Update,Business News: Company Investment Update
Business News: Company Stock Update,Business News: Trade Stock Update
Business News: Company Stock Update,Business News: Banking Profit Update
Business News: Company Stock Update,Business News: Trade Economy Update
Business News: Trade Economy Update,Business News: Company Investment Update
Business News: Trade Economy Update,Global Markets Rise Amid Economic Recovery
Business News: Trade Economy Update,Business News: Company Stock Update
Business News: Trade Economy Update,Business News: Market Stock Update
Business News: Trade Economy Update,Business News: Company Trade Update
Business News: Trade Economy Update,Business News: Stock Trade Update
Business News: Company Investment Update,Business News: Company Stock Update
Business News: Company Investment Update,Business News: Stock Profit Update
Business News: Company Investment Update,Business News: Market Profit Update
Business News: Investment Trade Update,Business News: Stock Trade Update
Business News: Investment Trade Update,Business News: Company Stock Update
Business News: Investment Trade Update,Banking Sector Faces New Regulations
Business News: Market Finance Update,Business News: Banking Stock Update
Business News: Market Finance Update,Business News: Company Investment Update
Business News: Market Finance Update,Global Markets Rise Amid Economic Recovery
Business News: Banking Stock Update,Business News: Company Stock Update
Business News: Banking Stock Update,Business News: Investment Trade Update
Business News: Banking Stock Update,Business News: Stock Investment Update
Business News: Retail Stock Update,Global Markets Rise Amid Economic Recovery
Business News: Retail Stock Update,Oil Prices Fluctuate on Supply Concerns
Business News: Retail Stock Update,Business News: Banking Stock Update
Business News: Stock Investment Update,Business News: Company Retail Update
Business News: Stock Investment Update,Banking Sector Faces New Regulations
Business News: Stock Investment Update,Business News: Company Stock Update
Business News: Company Trade Update,Business News: Market Profit Update
Business News: Company Trade Update,Tech Giants Report Record Profits
Business News: Company Trade Update,Business News: Banking Profit Update
Business News: Stock Profit Update,Business News: Company Stock Update
Business News: Stock Profit Update,Business News: Market Stock Update
Business News: Stock Profit Update,Business News: Company Retail Update
Business News: Trade Market Update,Business News: Company Stock Update
Business News: Trade Market Update,Business News: Market Stock Update
Business News: Trade Market Update,Business News: Stock Profit Update
Business News: Company Profit Update,Business News: Company Stock Update
Business News: Company Profit Update,Business News: Banking Profit Update
Business News: Company Profit Update,Business News: Stock Profit Update
Business News: Stock Trade Update,Business News: Company Profit Update
Business News: Stock Trade Update,Business News: Company Retail Update
Business News: Stock Trade Update,Business News: Banking Profit Update
Artificial Intelligence Breakthrough Announced,Technology News: Hardware Startup Update
Artificial Intelligence Breakthrough Announced,Cloud Computing Adoption Accelerates
Artificial Intelligence Breakthrough Announced,Technology News: Innovation Algorithm Update
Smartphone Manufacturer Launches Flagship Device,Artificial Intelligence Breakthrough Announced
Smartphone Manufacturer Launches Flagship Device,Technology News: Hardware Network Update
Smartphone Manufacturer Launches Flagship Device,Technology News: Startup Innovation Update
Cybersecurity Threats Increase Globally,Smartphone Manufacturer Launches Flagship Device
Cybersecurity Threats Increase Globally,Technology News: Device Platform Update
Cybersecurity Threats Increase Globally,Technology News: Digital Platform Update
Cloud Computing Adoption Accelerates,Technology News: Innovation Data Update
Cloud Computing Adoption Accelerates,Technology News: Startup Digital Update
Cloud Computing Adoption Accelerates,Cybersecurity Threats Increase Globally
Electric Vehicle Technology Advances,Technology News: Network Algorithm Update
Electric Vehicle Technology Advances,Technology News: Device Platform Update
Electric Vehicle Technology Advances,Technology News: Startup Digital Update
Technology News: Digital Hardware Update,Smartphone Manufacturer Launches Flagship Device
Technology News: Digital Hardware Update,Technology News: Network Algorithm Update
Technology News: Digital Hardware Update,Artificial Intelligence Breakthrough Announced
Technology News: Device Startup Update,Technology News: Device Platform Update
Technology News: Device Startup Update,Technology News: Innovation Data Update
Technology News: Device Startup Update,Technology News: Network Data Update
Technology News: Network Data Update,Technology News: Digital Software Update
Technology News: Network Data Update,Artificial Intelligence Breakthrough Announced
Technology News: Network Data Update,Technology News: Startup Platform Update
Technology News: Innovation Data Update,Electric Vehicle Technology Advances
Technology News: Innovation Data Update,Technology News: Network Data Update
Technology News: Innovation Data Update,Technology News: Innovation Algorithm Update
Technology News: Startup Hardware Update,Technology News: Network Software Update
Technology News: Startup Hardware Update,Cloud Computing Adoption Accelerates
Technology News: Startup Hardware Update,Technology News: Startup Platform Update
Technology News: Startup Hardware Update,Technology News: Device Startup Update
Technology News: Startup Hardware Update,Technology News: Innovation Algorithm Update
Technology News: Startup Hardware Update,Technology News: Hardware Network Update
Technology News: Algorithm Data Update,Technology News: Innovation Data Update
Technology News: Algorithm Data Update,Technology News: Network Algorithm Update
Technology News: Algorithm Data Update,Technology News: Digital Platform Update
Technology News: Digital Platform Update,Technology News: Digital Hardware Update
Technology News: Digital Platform Update,Technology News: Startup Platform Update
Technology News: Digital Platform Update,Technology News: Device Platform Update
Technology News: Network Hardware Update,Technology News: Hardware Network Update
Technology News: Network Hardware Update,Technology News: Network Software Update
Technology News: Network Hardware Update,Cloud Computing Adoption Accelerates
Technology News: Device Software Update,Technology News: Network Algorithm Update
Technology News: Device Software Update,Technology News: Hardware Startup Update
Technology News: Device Software Update,Technology News: Digital Hardware Update
Technology News: Device Platform Update,Technology News: Startup Hardware Update
Technology News: Device Platform Update,Cloud Computing Adoption Accelerates
Technology News: Device Platform Update,Technology News: Data Hardware Update
Technology News: Innovation Algorithm Update,Artificial Intelligence Breakthrough Announced
Technology News: Innovation Algorithm Update,Technology News: Platform Device Update
Technology News: Innovation Algorithm Update,Technology News: Startup Hardware Update
Technology News: Network Digital Update,Technology News: Data Hardware Update
Technology News: Network Digital Update,Technology News: Hardware Data Update
Technology News: Network Digital Update,Technology News: Platform Device Update
Technology News: Startup Innovation Update,Technology News: Device Platform Update
Technology News: Startup Innovation Update,Technology News: Digital Platform Update
Technology News: Startup Innovation Update,Technology News: Network Software Update
Technology News: Data Hardware Update,Technology News: Device Startup Update
Technology News: Data Hardware Update,Cybersecurity Threats Increase Globally
Technology News: Data Hardware Update,Technology News: Startup Innovation Update
Technology News: Startup Platform Update,Technology News: Network Software Update
Technology News: Startup Platform Update,Technology News: Hardware Startup Update
Technology News: Startup Platform Update,Technology News: Startup Digital Update
Technology News: Startup Digital Update,Technology News: Network Data Update
Technology News: Startup Digital Update,Cloud Computing Adoption Accelerates
Technology News: Startup Digital Update,Technology News: Network Software Update
Technology News: Hardware Data Update,Technology News: Network Algorithm Update
Technology News: Hardware Data Update,Technology News: Startup Hardware Update
Technology News: Hardware Data Update,Technology News: Digital Software Update
Technology News: Network Software Update,Technology News: Startup Digital Update
Technology News: Network Software Update,Technology News: Data Hardware Update
Technology News: Network Software Update,Technology News: Network Data Update
Technology News: Hardware Network Update,Cloud Computing Adoption Accelerates
Technology News: Hardware Network Update,Technology News: Network Data Update
Technology News: Hardware Network Update,Technology News: Startup Innovation Update
Technology News: Network Algorithm Update,Technology News: Network Data Update
Technology News: Network Algorithm Update,Smartphone Manufacturer Launches Flagship Device
Technology News: Network Algorithm Update,Technology News: Algorithm Data Update
Technology News: Network Data Update,Technology News: Startup Innovation Update
Technology News: Network Data Update,Technology News: Device Software Update
Technology News: Network Data Update,Technology News: Hardware Data Update
Technology News: Hardware Startup Update,Technology News: Algorithm Data Update
Technology News: Hardware Startup Update,Cybersecurity Threats Increase Globally
Technology News: Hardware Startup Update,Technology News: Innovation Algorithm Update
Technology News: Digital Software Update,Technology News: Startup Platform Update
Technology News: Digital Software Update,Technology News: Startup Hardware Update
Technology News: Digital Software Update,Artificial Intelligence Breakthrough Announced
Technology News: Device Hardware Update,Technology News: Hardware Startup Update
Technology News: Device Hardware Update,Technology News: Network Hardware Update
Technology News: Device Hardware Update,Technology News: Network Data Update
Technology News: Platform Device Update,Technology News: Device Platform Update
Technology News: Platform Device Update,Cloud Computing Adoption Accelerates
Technology News: Platform Device Update,Technology News: Network Hardware Update
Technology News: Device Platform Update,Technology News: Algorithm Data Update
Technology News: Device Platform Update,Technology News: Startup Digital Update
Technology News: Device Platform Update,Technology News: Device Hardware Update
Government Announces New Policy Initiative,Politics News: Vote Parliament Update
Government Announces New Policy Initiative,Politics News: Government Diplomacy Update
Government Announces New Policy Initiative,Politics News: Government Policy Update
International Summit Addresses Climate Change,Politics News: Reform Minister Update
International Summit Addresses Climate Change,Politics News: Campaign Diplomacy Update
International Summit Addresses Climate Change,Politics News: Election Legislation Update
Parliament Debates Healthcare Reform,Politics News: Government Reform Update
Parliament Debates Healthcare Reform,Politics News: Campaign Parliament Update
Parliament Debates Healthcare Reform,Politics News: Policy Reform Update
Trade Negotiations Continue Between Nations,Politics News: Election Parliament Update
Trade Negotiations Continue Between Nations,Politics News: Minister Election Update
Trade Negotiations Continue Between Nations,Politics News: Government Legislation Update
Election Campaign Intensifies,Politics News: Vote Policy Update
Election Campaign Intensifies,Politics News: Parliament Legislation Update
Election Campaign Intensifies,Politics News: Reform Diplomacy Update
Politics News: Reform Minister Update,Politics News: Policy Diplomacy Update
Politics News: Reform Minister Update,Politics News: Government Diplomacy Update
Politics News: Reform Minister Update,Politics News: Campaign Diplomacy Update
Politics News: Election Legislation Update,Politics News: Vote Parliament Update
Politics News: Election Legislation Update,Politics News: Government Reform Update
Politics News: Election Legislation Update,Politics News: Vote Election Update
Politics News: Government Parliament Update,Politics News: Election Parliament Update
Politics News: Government Parliament Update,Politics News: Diplomacy Parliament Update
Politics News: Government Parliament Update,Politics News: Minister Parliament Update
Politics News: Vote Minister Update,Politics News: Government Parliament Update
Politics News: Vote Minister Update,Politics News: Vote Parliament Update
Politics News: Vote Minister Update,Politics News: Vote Policy Update
Politics News: Election Parliament Update,Parliament Debates Healthcare Reform
Politics News: Election Parliament Update,Politics News: Vote Minister Update
Politics News: Election Parliament Update,Politics News: Policy Minister Update
Politics News: Policy Minister Update,Politics News: Government Diplomacy Update
Politics News: Policy Minister Update,Politics News: Government Parliament Update
Politics News: Policy Minister Update,Politics News: Reform Diplomacy Update
Politics News: Diplomacy Parliament Update,Politics News: Government Diplomacy Update
Politics News: Diplomacy Parliament Update,Politics News: Vote Election Update
Politics News: Diplomacy Parliament Update,Politics News: Minister Election Update
Politics News: Election Diplomacy Update,Politics News: Minister Parliament Update
Politics News: Election Diplomacy Update,Politics News: Diplomacy Vote Update
Politics News: Election Diplomacy Update,Politics News: Policy Minister Update
Politics News: Diplomacy Vote Update,Government Announces New Policy Initiative
Politics News: Diplomacy Vote Update,Politics News: Policy Diplomacy Update
Politics News: Diplomacy Vote Update,Politics News: Minister Parliament Update
Politics News: Campaign Diplomacy Update,Politics News: Policy Minister Update
Politics News: Campaign Diplomacy Update,Politics News: Reform Minister Update
Politics News: Campaign Diplomacy Update,Politics News: Policy Diplomacy Update
Politics News: Government Diplomacy Update,Politics News: Election Legislation Update
Politics News: Government Diplomacy Update,Politics News: Diplomacy Parliament Update
Politics News: Government Diplomacy Update,Politics News: Government Legislation Update
Politics News: Policy Diplomacy Update,Politics News: Vote Minister Update
Politics News: Policy Diplomacy Update,Politics News: Policy Minister Update
Politics News: Policy Diplomacy Update,Politics News: Policy Minister Update
Politics News: Campaign Parliament Update,Politics News: Minister Election Update
Politics News: Campaign Parliament Update,Politics News: Government Policy Update
Politics News: Campaign Parliament Update,Politics News: Policy Minister Update
Politics News: Parliament Legislation Update,Politics News: Vote Minister Update
Politics News: Parliament Legislation Update,Politics News: Campaign Parliament Update
Politics News: Parliament Legislation Update,Government Announces New Policy Initiative
Politics News: Vote Election Update,Politics News: Policy Diplomacy Update
Politics News: Vote Election Update,Politics News: Election Legislation Update
Politics News: Vote Election Update,Parliament Debates Healthcare Reform
Politics News: Minister Election Update,Politics News: Government Parliament Update
Politics News: Minister Election Update,Politics News: Government Reform Update
Politics News: Minister Election Update,Politics News: Diplomacy Vote Update
Politics News: Policy Reform Update,Politics News: Government Diplomacy Update
Politics News: Policy Reform Update,Politics News: Campaign Parliament Update
Politics News: Policy Reform Update,Politics News: Reform Diplomacy Update
Politics News: Minister Parliament Update,Politics News: Government Parliament Update
Politics News: Minister Parliament Update,Politics News: Government Policy Update
Politics News: Minister Parliament Update,Politics News: Government Diplomacy Update
Politics News: Government Policy Update,Politics News: Minister Election Update
Politics News: Government Policy Update,Politics News: Minister Parliament Update
Politics News: Government Policy Update,Politics News: Government Diplomacy Update
Politics News: Government Reform Update,Politics News: Campaign Diplomacy Update
Politics News: Government Reform Update,Politics News: Government Legislation Update
Politics News: Government Reform Update,Government Announces New Policy Initiative
Politics News: Reform Diplomacy Update,Parliament Debates Healthcare Reform
Politics News: Reform Diplomacy Update,Politics News: Election Parliament Update
Politics News: Reform Diplomacy Update,Politics News: Government Parliament Update
Politics News: Government Legislation Update,Politics News: Election Diplomacy Update
Politics News: Government Legislation Update,Politics News: Minister Parliament Update
Politics News: Government Legislation Update,Politics News: Government Parliament Update
Politics News: Vote Parliament Update,Politics News: Election Parliament Update
Politics News: Vote Parliament Update,Politics News: Policy Reform Update
Politics News: Vote Parliament Update,Politics News: Parliament Legislation Update
Politics News: Minister Parliament Update,Politics News: Diplomacy Parliament Update
Politics News: Minister Parliament Update,Politics News: Government Diplomacy Update
Politics News: Minister Parliament Update,Politics News: Campaign Parliament Update
Politics News: Policy Minister Update,Politics News: Campaign Parliament Update
Politics News: Policy Minister Update,Politics News: Election Diplomacy Update
Politics News: Policy Minister Update,Politics News: Campaign Diplomacy Update
Politics News: Vote Policy Update,Politics News: Government Policy Update
Politics News: Vote Policy Update,Politics News: Campaign Parliament Update
Politics News: Vote Policy Update,Politics News: Policy Minister Update
Championship Final Draws Record Viewership,Sports News: Championship Player Update
Championship Final Draws Record Viewership,Sports News: Tournament Season Update
Championship Final Draws Record Viewership,Sports News: Season Score Update
Olympic Athletes Prepare for Competition,Sports News: Player Season Update
Olympic Athletes Prepare for Competition,Sports News: Athlete Championship Update
Olympic Athletes Prepare for Competition,Sports News: Victory Score Update
Football Transfer Window Sees Major Deals,Marathon Event Attracts Thousands of Runners
Football Transfer Window Sees Major Deals,Sports News: Score Championship Update
Football Transfer Window Sees Major Deals,Sports News: Athlete Score Update
Tennis Star Wins Grand Slam Title,Sports News: Score Team Update
Tennis Star Wins Grand Slam Title,Marathon Event Attracts Thousands of Runners
Tennis Star Wins Grand Slam Title,Sports News: Score Championship Update
Marathon Event Attracts Thousands of Runners,Sports News: Victory Player Update
Marathon Event Attracts Thousands of Runners,Sports News: Victory Championship Update
Marathon Event Attracts Thousands of Runners,Sports News: Tournament Season Update
Sports News: Season Player Update,Sports News: Tournament Season Update
Sports News: Season Player Update,Sports News: Athlete Score Update
Sports News: Season Player Update,Sports News: Score Championship Update
Sports News: Tournament Season Update,Sports News: Player Championship Update
Sports News: Tournament Season Update,Sports News: Player Season Update
Sports News: Tournament Season Update,Sports News: Victory Championship Update
Sports News: Athlete Score Update,Sports News: Match Team Update
Sports News: Athlete Score Update,Sports News: Victory Championship Update
Sports News: Athlete Score Update,Sports News: Coach Player Update
Sports News: Victory Score Update,Sports News: Championship Victory Update
Sports News: Victory Score Update,Sports News: Athlete Championship Update
Sports News: Victory Score Update,Tennis Star Wins Grand Slam Title
Sports News: Player Season Update,Sports News: Victory Season Update
Sports News: Player Season Update,Sports News: Tournament Season Update
Sports News: Player Season Update,Sports News: Athlete Championship Update
Sports News: Athlete Championship Update,Sports News: Athlete Score Update
Sports News: Athlete Championship Update,Sports News: Championship Player Update
Sports News: Athlete Championship Update,Sports News: Season Player Update
Sports News: Score Team Update,Sports News: Player Season Update
Sports News: Score Team Update,Championship Final Draws Record Viewership
Sports News: Score Team Update,Sports News: Tournament Season Update
Sports News: Championship Player Update,Sports News: Victory Player Update
Sports News: Championship Player Update,Marathon Event Attracts Thousands of Runners
Sports News: Championship Player Update,Sports News: Victory Score Update
Sports News: Score Championship Update,Olympic Athletes Prepare for Competition
Sports News: Score Championship Update,Sports News: Victory Player Update
Sports News: Score Championship Update,Sports News: Player Season Update
Sports News: Tournament Score Update,Sports News: Tournament Season Update
Sports News: Tournament Score Update,Marathon Event Attracts Thousands of Runners
Sports News: Tournament Score Update,Sports News: Victory Season Update
Sports News: Season Score Update,Sports News: Tournament Championship Update
Sports News: Season Score Update,Sports News: Victory Championship Update
Sports News: Season Score Update,Sports News: Player Championship Update
Sports News: Player Championship Update,Tennis Star Wins Grand Slam Title
Sports News: Player Championship Update,Sports News: Tournament Championship Update
Sports News: Player Championship Update,Championship Final Draws Record Viewership
Sports News: Coach Player Update,Sports News: Match Team Update
Sports News: Coach Player Update,Sports News: Player Season Update
Sports News: Coach Player Update,Sports News: Season Score Update
Sports News: Victory Player Update,Sports News: Season Score Update
Sports News: Victory Player Update,Sports News: Tournament Score Update
Sports News: Victory Player Update,Sports News: Athlete Championship Update
Sports News: Match Team Update,Sports News: Season Player Update
Sports News: Match Team Update,Olympic Athletes Prepare for Competition
Sports News: Match Team Update,Sports News: Victory Score Update
Sports News: Championship Victory Update,Sports News: Tournament Championship Update
Sports News: Championship Victory Update,Sports News: Season Score Update
Sports News: Championship Victory Update,Tennis Star Wins Grand Slam Title
Sports News: Victory Season Update,Sports News: Tournament Championship Update
Sports News: Victory Season Update,Football Transfer Window Sees Major Deals
Sports News: Victory Season Update,Sports News: Championship Player Update
Sports News: Victory Championship Update,Sports News: Season Score Update
Sports News: Victory Championship Update,Football Transfer Window Sees Major Deals
Sports News: Victory Championship Update,Sports News: Victory Player Update
Sports News: Tournament Season Update,Sports News: Victory Season Update
Sports News: Tournament Season Update,Sports News: Victory Championship Update
Sports News: Tournament Season Update,Olympic Athletes Prepare for Competition
Sports News: Score Championship Update,Marathon Event Attracts Thousands of Runners
Sports News: Score Championship Update,Sports News: Victory Season Update
Sports News: Score Championship Update,Sports News: Match Team Update
Sports News: Victory Championship Update,Sports News: Player Season Update
Sports News: Victory Championship Update,Football Transfer Window Sees Major Deals
Sports News: Victory Championship Update,Sports News: Athlete Score Update
Sports News: Athlete Championship Update,Tennis Star Wins Grand Slam Title
Sports News: Athlete Championship Update,Sports News: Victory Player Update
Sports News: Athlete Championship Update,Sports News: Victory Championship Update
Sports News: Victory Season Update,Sports News: Score Championship Update
Sports News: Victory Season Update,Sports News: Match Team Update
Sports News: Victory Season Update,Sports News: Athlete Championship Update
Sports News: Tournament Championship Update,Sports News: Match Team Update
Sports News: Tournament Championship Update,Sports News: Athlete Score Update
Sports News: Tournament Championship Update,Sports News: Score Championship Update
Sports News: Player Tournament Update,Sports News: Player Championship Update
Sports News: Player Tournament Update,Sports News: Championship Player Update
Sports News: Player Tournament Update,Sports News: Tournament Score Update
Blockbuster Film Breaks Box Office Records,Entertainment News: Performance Show Update
Blockbuster Film Breaks Box Office Records,Entertainment News: Show Award Update
Blockbuster Film Breaks Box Office Records,Entertainment News: Show Theater Update
Music Festival Announces Lineup,Entertainment News: Show Award Update
Music Festival Announces Lineup,New Streaming Series Receives Critical Acclaim
Music Festival Announces Lineup,Entertainment News: Concert Music Update
Award Ceremony Celebrates Television Excellence,Entertainment News: Concert Film Update
Award Ceremony Celebrates Television Excellence,Entertainment News: Award Film Update
Award Ceremony Celebrates Television Excellence,Entertainment News: Concert Award Update
Celebrity Couple Announces Engagement,Entertainment News: Actor Award Update
Celebrity Couple Announces Engagement,Entertainment News: Music Film Update
Celebrity Couple Announces Engagement,Entertainment News: Album Celebrity Update
New Streaming Series Receives Critical Acclaim,Entertainment News: Theater Film Update
New Streaming Series Receives Critical Acclaim,Entertainment News: Actor Award Update
New Streaming Series Receives Critical Acclaim,Blockbuster Film Breaks Box Office Records
Entertainment News: Theater Film Update,Entertainment News: Album Music Update
Entertainment News: Theater Film Update,Entertainment News: Performance Show Update
Entertainment News: Theater Film Update,Entertainment News: Concert Music Update
Entertainment News: Concert Award Update,Entertainment News: Show Award Update
Entertainment News: Concert Award Update,Award Ceremony Celebrates Television Excellence
Entertainment News: Concert Award Update,Entertainment News: Performance Celebrity Update
Entertainment News: Concert Music Update,Entertainment News: Concert Award Update
Entertainment News: Concert Music Update,Entertainment News: Film Show Update
Entertainment News: Concert Music Update,New Streaming Series Receives Critical Acclaim
Entertainment News: Concert Actor Update,Entertainment News: Performance Celebrity Update
Entertainment News: Concert Actor Update,Entertainment News: Award Film Update
Entertainment News: Concert Actor Update,Entertainment News: Concert Show Update
Entertainment News: Theater Performance Update,Entertainment News: Show Theater Update
Entertainment News: Theater Performance Update,Entertainment News: Concert Music Update
Entertainment News: Theater Performance Update,Entertainment News: Performance Celebrity Update
Entertainment News: Film Music Update,Entertainment News: Theater Performance Update
Entertainment News: Film Music Update,Entertainment News: Music Theater Update
Entertainment News: Film Music Update,New Streaming Series Receives Critical Acclaim
Entertainment News: Actor Award Update,Celebrity Couple Announces Engagement
Entertainment News: Actor Award Update,Entertainment News: Film Music Update
Entertainment News: Actor Award Update,Entertainment News: Show Award Update
Entertainment News: Album Celebrity Update,Entertainment News: Concert Award Update
Entertainment News: Album Celebrity Update,Entertainment News: Performance Show Update
Entertainment News: Album Celebrity Update,Entertainment News: Concert Music Update
Entertainment News: Concert Show Update,Entertainment News: Film Show Update
Entertainment News: Concert Show Update,Entertainment News: Show Award Update
Entertainment News: Concert Show Update,Entertainment News: Theater Album Update
Entertainment News: Concert Film Update,Entertainment News: Music Theater Update
Entertainment News: Concert Film Update,Entertainment News: Celebrity Concert Update
Entertainment News: Concert Film Update,Entertainment News: Celebrity Actor Update
Entertainment News: Performance Celebrity Update,Entertainment News: Performance Show Update
Entertainment News: Performance Celebrity Update,Entertainment News: Theater Film Update
Entertainment News: Performance Celebrity Update,Award Ceremony Celebrates Television Excellence
Entertainment News: Music Film Update,Entertainment News: Show Theater Update
Entertainment News: Music Film Update,Entertainment News: Show Music Update
Entertainment News: Music Film Update,Entertainment News: Award Film Update
Entertainment News: Award Film Update,Music Festival Announces Lineup
Entertainment News: Award Film Update,Entertainment News: Theater Film Update
Entertainment News: Award Film Update,Entertainment News: Concert Film Update
Entertainment News: Music Theater Update,Music Festival Announces Lineup
Entertainment News: Music Theater Update,Entertainment News: Award Film Update
Entertainment News: Music Theater Update,Award Ceremony Celebrates Television Excellence
Entertainment News: Concert Award Update,Entertainment News: Album Celebrity Update
Entertainment News: Concert Award Update,Entertainment News: Celebrity Actor Update
Entertainment News: Concert Award Update,Entertainment News: Film Show Update
Entertainment News: Show Award Update,Entertainment News: Award Film Update
Entertainment News: Show Award Update,Entertainment News: Actor Award Update
Entertainment News: Show Award Update,Entertainment News: Show Theater Update
Entertainment News: Show Music Update,Entertainment News: Celebrity Actor Update
Entertainment News: Show Music Update,Entertainment News: Theater Film Update
Entertainment News: Show Music Update,Entertainment News: Concert Music Update
Entertainment News: Theater Award Update,Entertainment News: Actor Concert Update
Entertainment News: Theater Award Update,Entertainment News: Show Theater Update
Entertainment News: Theater Award Update,Entertainment News: Show Music Update
Entertainment News: Actor Concert Update,Entertainment News: Show Award Update
Entertainment News: Actor Concert Update,Entertainment News: Concert Award Update
Entertainment News: Actor Concert Update,Entertainment News: Film Music Update
Entertainment News: Theater Award Update,Entertainment News: Show Music Update
Entertainment News: Theater Award Update,Entertainment News: Show Theater Update
Entertainment News: Theater Award Update,Entertainment News: Celebrity Concert Update
Entertainment News: Show Film Update,Entertainment News: Music Theater Update
Entertainment News: Show Film Update,Entertainment News: Theater Album Update
Entertainment News: Show Film Update,Award Ceremony Celebrates Television Excellence
Entertainment News: Theater Album Update,Entertainment News: Film Show Update
Entertainment News: Theater Album Update,Entertainment News: Theater Film Update
Entertainment News: Theater Album Update,Entertainment News: Show Award Update
Entertainment News: Album Music Update,Entertainment News: Music Film Update
Entertainment News: Album Music Update,Entertainment News: Show Award Update
Entertainment News: Album Music Update,Entertainment News: Concert Music Update
Entertainment News: Show Theater Update,Entertainment News: Show Film Update
Entertainment News: Show Theater Update,Entertainment News: Celebrity Concert Update
Entertainment News: Show Theater Update,Blockbuster Film Breaks Box Office Records
Entertainment News: Performance Show Update,Entertainment News: Film Show Update
Entertainment News: Performance Show Update,Entertainment News: Theater Album Update
Entertainment News: Performance Show Update,Celebrity Couple Announces Engagement
Entertainment News: Film Show Update,Entertainment News: Album Celebrity Update
Entertainment News: Film Show Update,Entertainment News: Actor Concert Update
Entertainment News: Film Show Update,Entertainment News: Celebrity Actor Update
Entertainment News: Concert Music Update,Entertainment News: Performance Show Update
Entertainment News: Concert Music Update,Celebrity Couple Announces Engagement
Entertainment News: Concert Music Update,Entertainment News: Concert Film Update
Entertainment News: Celebrity Actor Update,Entertainment News: Award Film Update
Entertainment News: Celebrity Actor Update,Entertainment News: Concert Actor Update
Entertainment News: Celebrity Actor Update,Entertainment News: Music Theater Update
Entertainment News: Celebrity Concert Update,Entertainment News: Show Theater Update
Entertainment News: Celebrity Concert Update,Entertainment News: Concert Music Update
Entertainment News: Celebrity Concert Update,Entertainment News: Concert Music Update
Cybersecurity Threats Increase Globally,Business News: Company Stock Update
Politics News: Election Legislation Update,Technology News: Network Digital Update
Business News: Company Profit Update,Retail Sales Show Unexpected Growth
Business News: Company Profit Update,Politics News: Policy Reform Update
Celebrity Couple Announces Engagement,Politics News: Diplomacy Parliament Update
Entertainment News: Concert Award Update,Sports News: Championship Victory Update
Technology News: Device Startup Update,Politics News: Election Legislation Update
Entertainment News: Theater Album Update,Entertainment News: Performance Celebrity Update
Business News: Trade Market Update,Politics News: Government Diplomacy Update
Technology News: Startup Platform Update,Entertainment News: Theater Award Update
Sports News: Championship Victory Update,Business News: Company Stock Update
Entertainment News: Actor Concert Update,Technology News: Digital Software Update
Entertainment News: Concert Music Update,Entertainment News: Concert Award Update
Politics News: Election Parliament Update,Sports News: Player Tournament Update
Business News: Trade Market Update,Politics News: Reform Minister Update
Football Transfer Window Sees Major Deals,Business News: Company Stock Update
Technology News: Startup Platform Update,Sports News: Season Score Update
Sports News: Victory Championship Update,Business News: Company Retail Update
Global Markets Rise Amid Economic Recovery,Politics News: Campaign Parliament Update
Business News: Trade Economy Update,Sports News: Tournament Championship Update
Entertainment News: Concert Music Update,Entertainment News: Show Film Update
Technology News: Startup Hardware Update,Entertainment News: Actor Concert Update
Entertainment News: Film Show Update,Politics News: Policy Minister Update
Technology News: Startup Innovation Update,Business News: Investment Trade Update
Business News: Company Profit Update,Sports News: Score Championship Update
Politics News: Vote Election Update,Technology News: Network Software Update
Entertainment News: Music Film Update,Politics News: Election Parliament Update
Business News: Economy Profit Update,Technology News: Platform Device Update
Sports News: Victory Player Update,Politics News: Election Diplomacy Update
Politics News: Minister Parliament Update,International Summit Addresses Climate Change
Sports News: Championship Player Update,Business News: Company Trade Update
Sports News: Coach Player Update,Entertainment News: Concert Award Update
Technology News: Startup Hardware Update,Sports News: Victory Season Update
Electric Vehicle Technology Advances,Business News: Trade Stock Update
Sports News: Victory Season Update,Entertainment News: Celebrity Concert Update
Sports News: Score Championship Update,Business News: Market Profit Update
Politics News: Reform Diplomacy Update,Business News: Market Profit Update
Sports News: Tournament Season Update,Technology News: Network Software Update
Retail Sales Show Unexpected Growth,Entertainment News: Concert Music Update
Politics News: Policy Reform Update,Business News: Trade Profit Update
Marathon Event Attracts Thousands of Runners,Politics News: Minister Parliament Update
Politics News: Campaign Diplomacy Update,Sports News: Season Score Update
Politics News: Minister Election Update,Blockbuster Film Breaks Box Office Records
Sports News: Score Championship Update,Entertainment News: Film Show Update
Sports News: Coach Player Update,Sports News: Championship Player Update
Entertainment News: Theater Award Update,Technology News: Hardware Startup Update
